Workbook

Sheet Price Data
A1: Date | B1: Open | C1: High | D1: Low | E1: Close | F1: Adj Close | G1: Volume | L1: Date | M1: Open | N1: High | O1: Low | P1: Close | Q1: Adj Close | R1: Volume | X1: Date | Y1: Open | Z1: High | AA1: Low | AB1: Close | AC1: Adj Close | AD1: Volume
A2: 46235 | B2: 384.35 | C2: 397.25 | D2: 367.5 | E2: 384.7 | F2: 384.7 | G2: 5919747 | X2: 46235 | Y2: 1.1538 | Z2: 1.1712 | AA2: 1.1503 | AB2: 1.1589 | AC2: 1.1589 | AD2: -
A3: 46204 | B3: 383.35 | C3: 401 | D3: 366.1 | E3: 386.95 | F3: 386.95 | G3: 7561757 | L3: 46235 | M3: 197.69 | N3: 230.47 | O3: 196.85 | P3: 220.78 | Q3: 220.53 | R3: 2682633400 | X3: 46204 | Y3: 1.1413 | Z3: 1.1535 | AA3: 1.1354 | AB3: 1.1524 | AC3: 1.1524 | AD3: -
A4: 46174 | B4: 381.95 | C4: 397.05 | D4: 369.35 | E4: 383.65 | F4: 383.65 | G4: 10206822 | L4: 46204 | M4: 196.2 | N4: 214.39 | O4: 190.01 | P4: 200.75 | Q4: 200.53 | R4: 2852595400 | X4: 46174 | Y4: 1.1648 | Z4: 1.1667 | AA4: 1.1325 | AB4: 1.1422 | AC4: 1.1422 | AD4: -
A5: 46143 | B5: 364.65 | C5: 394.5 | D5: 350.5 | E5: 382.55 | F5: 382.55 | G5: 8917728 | L5: 46177 | M5: 0.25 Dividend | X5: 46143 | Y5: 1.173 | Z5: 1.1797 | AA5: 1.1577 | AB5: 1.166 | AC5: 1.166 | AD5: -
A6: 46141 | B6: 7.2 Dividend | L6: 46174 | M6: 215.73 | N6: 232.28 | O6: 189.8 | P6: 200.09 | Q6: 199.87 | R6: 3424306300 | X6: 46113 | Y6: 1.1571 | Z6: 1.1851 | AA6: 1.1507 | AB6: 1.1685 | AC6: 1.1685 | AD6: -
A7: 46113 | B7: 355.1 | C7: 380.8 | D7: 343.65 | E7: 366.05 | F7: 366.05 | G7: 9941433 | L7: 46143 | M7: 201.28 | N7: 236.54 | O7: 194.74 | P7: 211.14 | Q7: 210.66 | R7: 3324840700 | X7: 46082 | Y7: 1.1819 | Z7: 1.1819 | AA7: 1.1416 | AB7: 1.146 | AC7: 1.146 | AD7: -
A8: 46082 | B8: 388.1 | C8: 389.7 | D8: 338.85 | E8: 349.35 | F8: 342.62 | G8: 11076868 | L8: 46113 | M8: 176 | N8: 216.83 | O8: 171.37 | P8: 199.57 | Q8: 199.11 | R8: 3129548700 | X8: 46054 | Y8: 1.1855 | Z8: 1.1928 | AA8: 1.1743 | AB8: 1.1803 | AC8: 1.1803 | AD8: -
A9: 46054 | B9: 389.75 | C9: 405.8 | D9: 364 | E9: 397.4 | F9: 389.74 | G9: 6921357 | L9: 46092 | M9: 0.01 Dividend | X9: 46023 | Y9: 1.1751 | Z9: 1.2024 | AA9: 1.1585 | AB9: 1.1855 | AC9: 1.1855 | AD9: -
A10: 46023 | B10: 365.95 | C10: 396.9 | D10: 355.65 | E10: 387 | F10: 379.54 | G10: 6537388 | L10: 46082 | M10: 175.01 | N10: 188.88 | O10: 164.27 | P10: 174.4 | Q10: 174 | R10: 4027150800 | X10: 45992 | Y10: 1.1602 | Z10: 1.1809 | AA10: 1.159 | AB10: 1.1747 | AC10: 1.1747 | AD10: -
A11: 45992 | B11: 373.55 | C11: 381.65 | D11: 360.8 | E11: 366.6 | F11: 359.54 | G11: 6068941 | L11: 46054 | M11: 187.2 | N11: 197.63 | O11: 171.03 | P11: 177.19 | Q11: 176.78 | R11: 3745445000 | X11: 45962 | Y11: 1.1601 | Z11: 1.1654 | AA11: 1.147 | AB11: 1.1597 | AC11: 1.1597 | AD11: -
A12: 45962 | B12: 363.1 | C12: 377.25 | D12: 349.05 | E12: 375.6 | F12: 368.36 | G12: 5941387 | L12: 46023 | M12: 189.84 | N12: 194.49 | O12: 177.61 | P12: 191.13 | Q12: 190.68 | R12: 3292228600 | X12: 45931 | Y12: 1.1736 | Z12: 1.1779 | AA12: 1.1524 | AB12: 1.1572 | AC12: 1.1572 | AD12: -
A13: 45931 | B13: 367.8 | C13: 398 | D13: 360.55 | E13: 362.65 | F13: 355.66 | G13: 7278137 | L13: 45995 | M13: 0.01 Dividend | X13: 45901 | Y13: 1.1692 | Z13: 1.1873 | AA13: 1.161 | AB13: 1.1731 | AC13: 1.1731 | AD13: -
A14: 45901 | B14: 399.5 | C14: 407.85 | D14: 360.25 | E14: 368.5 | F14: 361.4 | G14: 7992831 | L14: 45992 | M14: 174.76 | N14: 192.69 | O14: 170.31 | P14: 186.5 | Q14: 186.06 | R14: 3629693700 | X14: 45870 | Y14: 1.1424 | Z14: 1.1731 | AA14: 1.1395 | AB14: 1.1686 | AC14: 1.1686 | AD14: -
A15: 45870 | B15: 387.3 | C15: 408.35 | D15: 369.15 | E15: 397.9 | F15: 390.23 | G15: 4892388 | L15: 45962 | M15: 208.08 | N15: 211.34 | O15: 169.55 | P15: 177 | Q15: 176.58 | R15: 4160148300 | X15: 45839 | Y15: 1.1787 | Z15: 1.183 | AA15: 1.1407 | AB15: 1.1429 | AC15: 1.1429 | AD15: -
A16: 45839 | B16: 363.95 | C16: 399 | D16: 360.4 | E16: 389.35 | F16: 381.85 | G16: 6308286 | L16: 45931 | M16: 185.24 | N16: 212.19 | O16: 176.76 | P16: 202.49 | Q16: 202.01 | R16: 4031017400 | X16: 45809 | Y16: 1.1351 | Z16: 1.1772 | AA16: 1.1351 | AB16: 1.1727 | AC16: 1.1727 | AD16: -
A17: 45809 | B17: 368.45 | C17: 388.4 | D17: 348.35 | E17: 363.1 | F17: 356.1 | G17: 7318701 | L17: 45911 | M17: 0.01 Dividend | X17: 45778 | Y17: 1.1325 | Z17: 1.1419 | AA17: 1.1075 | AB17: 1.1351 | AC17: 1.1351 | AD17: -
A18: 45782 | B18: 7 Dividend | L18: 45901 | M18: 170 | N18: 187.35 | O18: 164.07 | P18: 186.58 | Q18: 186.13 | R18: 3890495300 | X18: 45748 | Y18: 1.0819 | Z18: 1.1547 | AA18: 1.078 | AB18: 1.1389 | AC18: 1.1389 | AD18: -
A19: 45778 | B19: 390.85 | C19: 394.67 | D19: 364.85 | E19: 372.4 | F19: 365.23 | G19: 7629107 | L19: 45870 | M19: 174.09 | N19: 184.48 | O19: 168.8 | P19: 174.18 | Q19: 173.75 | R19: 3608891200 | X19: 45717 | Y19: 1.0381 | Z19: 1.0954 | AA19: 1.0381 | AB19: 1.0824 | AC19: 1.0824 | AD19: -
A20: 45748 | B20: 346.95 | C20: 389.8 | D20: 326.65 | E20: 387 | F20: 372.79 | G20: 12424842 | L20: 45839 | M20: 156.29 | N20: 183.3 | O20: 151.49 | P20: 177.87 | Q20: 177.43 | R20: 3596804400 | X20: 45689 | Y20: 1.0364 | Z20: 1.0529 | AA20: 1.0213 | AB20: 1.0395 | AC20: 1.0395 | AD20: -
A21: 45717 | B21: 351.05 | C21: 370.8 | D21: 337.7 | E21: 342.85 | F21: 330.26 | G21: 10734047 | L21: 45819 | M21: 0.01 Dividend | X21: 45658 | Y21: 1.0352 | Z21: 1.0534 | AA21: 1.0184 | AB21: 1.0397 | AC21: 1.0397 | AD21: -
A22: 45689 | B22: 349.65 | C22: 355.15 | D22: 332.05 | E22: 353 | F22: 340.04 | G22: 9440096 | L22: 45809 | M22: 135.49 | N22: 158.71 | O22: 135.4 | P22: 157.99 | Q22: 157.6 | R22: 3821296800 | X22: 45627 | Y22: 1.0581 | Z22: 1.0626 | AA22: 1.0344 | AB22: 1.0406 | AC22: 1.0406 | AD22: -
A23: 45658 | B23: 341.85 | C23: 368.7 | D23: 323.7 | E23: 358.5 | F23: 345.34 | G23: 9345763 | L23: 45778 | M23: 113.08 | N23: 143.49 | O23: 110.82 | P23: 135.13 | Q23: 134.79 | R23: 4756803800 | X23: 45597 | Y23: 1.0886 | Z23: 1.0933 | AA23: 1.034 | AB23: 1.0581 | AC23: 1.0581 | AD23: -
A24: 45627 | B24: 324.35 | C24: 352.65 | D24: 322.8 | E24: 341.85 | F24: 329.3 | G24: 8685718 | L24: 45748 | M24: 108.52 | N24: 115.1 | O24: 86.62 | P24: 108.92 | Q24: 108.65 | R24: 6811006400 | X24: 45566 | Y24: 1.1137 | Z24: 1.1146 | AA24: 1.0763 | AB24: 1.0859 | AC24: 1.0859 | AD24: -
A25: 45597 | B25: 342.15 | C25: 353.45 | D25: 316.3 | E25: 328.65 | F25: 316.58 | G25: 8734153 | L25: 45728 | M25: 0.01 Dividend | X25: 45536 | Y25: 1.1062 | Z25: 1.1212 | AA25: 1.1003 | AB25: 1.117 | AC25: 1.117 | AD25: -
A26: 45566 | B26: 399.85 | C26: 400.5 | D26: 337.15 | E26: 344.25 | F26: 331.61 | G26: 9032229 | L26: 45717 | M26: 123.51 | N26: 123.7 | O26: 103.65 | P26: 108.38 | Q26: 108.11 | R26: 6177950300 | X26: 45505 | Y26: 1.0824 | Z26: 1.121 | AA26: 1.0778 | AB26: 1.1062 | AC26: 1.1062 | AD26: -
A27: 45536 | B27: 396.2 | C27: 413.2 | D27: 364.55 | E27: 402.05 | F27: 387.29 | G27: 9043102 | L27: 45689 | M27: 114.75 | N27: 143.44 | O27: 113.01 | P27: 124.92 | Q27: 124.59 | R27: 4755230400 | X27: 45474 | Y27: 1.0735 | Z27: 1.0947 | AA27: 1.0711 | AB27: 1.0816 | AC27: 1.0816 | AD27: -
A28: 45505 | B28: 394.25 | C28: 400.65 | D28: 374 | E28: 396.6 | F28: 382.04 | G28: 7391506 | L28: 45658 | M28: 136 | N28: 153.13 | O28: 116.25 | P28: 120.07 | Q28: 119.76 | R28: 5948400800 | X28: 45444 | Y28: 1.0858 | Z28: 1.0918 | AA28: 1.0668 | AB28: 1.0722 | AC28: 1.0722 | AD28: -
A29: 45474 | B29: 414.4 | C29: 416.95 | D29: 387.1 | E29: 400.65 | F29: 385.94 | G29: 7117521 | L29: 45631 | M29: 0.01 Dividend | X29: 45413 | Y29: 1.0667 | Z29: 1.0897 | AA29: 1.065 | AB29: 1.0835 | AC29: 1.0835 | AD29: -
A30: 45444 | B30: 452.65 | C30: 461.85 | D30: 407.05 | E30: 410.05 | F30: 394.99 | G30: 5947219 | L30: 45627 | M30: 138.83 | N30: 146.54 | O30: 126.86 | P30: 134.29 | Q30: 133.94 | R30: 4085855200 | X30: 45383 | Y30: 1.0793 | Z30: 1.0889 | AA30: 1.0604 | AB30: 1.0716 | AC30: 1.0716 | AD30: -
A31: 45413 | B31: 436 | C31: 458.4 | D31: 432.9 | E31: 452.1 | F31: 435.5 | G31: 5783579 | L31: 45597 | M31: 134.7 | N31: 152.89 | O31: 131.8 | P31: 138.25 | Q31: 137.88 | R31: 4497414600 | X31: 45352 | Y31: 1.0805 | Z31: 1.0978 | AA31: 1.0769 | AB31: 1.0801 | AC31: 1.0801 | AD31: -
A32: 45408 | B32: 6.6 Dividend | L32: 45566 | M32: 121.77 | N32: 144.42 | O32: 115.14 | P32: 132.76 | Q32: 132.4 | R32: 5627917200 | X32: 45323 | Y32: 1.0804 | Z32: 1.0898 | AA32: 1.0696 | AB32: 1.0839 | AC32: 1.0839 | AD32: -
A33: 45383 | B33: 437.8 | C33: 449.05 | D33: 407.85 | E33: 439.65 | F33: 423.51 | G33: 6906794 | L33: 45547 | M33: 0.01 Dividend | X33: 45292 | Y33: 1.1056 | Z33: 1.1053 | AA33: 1.0797 | AB33: 1.0843 | AC33: 1.0843 | AD33: -
A34: 45352 | B34: 442.8 | C34: 457.5 | D34: 428.1 | E34: 438.65 | F34: 416.14 | G34: 5355411 | L34: 45536 | M34: 116.01 | N34: 127.67 | O34: 100.95 | P34: 121.44 | Q34: 121.12 | R34: 6271163200 | X34: 45261 | Y34: 1.0892 | Z34: 1.1139 | AA34: 0.9191 | AB34: 1.1056 | AC34: 1.1056 | AD34: -
A35: 45323 | B35: 447.45 | C35: 460.6 | D35: 417.1 | E35: 441.7 | F35: 419.04 | G35: 6364642 | L35: 45505 | M35: 117.53 | N35: 131.26 | O35: 90.69 | P35: 119.37 | Q35: 119.04 | R35: 8105367800 | X35: 45231 | Y35: 1.0579 | Z35: 1.1017 | AA35: 1.0523 | AB35: 1.0974 | AC35: 1.0974 | AD35: -
A36: 45292 | B36: 450.65 | C36: 454.05 | D36: 417 | E36: 444.7 | F36: 421.88 | G36: 5599193 | L36: 45474 | M36: 123.47 | N36: 136.15 | O36: 102.54 | P36: 117.02 | Q36: 116.7 | R36: 6405438600 | X36: 45200 | Y36: 1.0588 | Z36: 1.069 | AA36: 1.045 | AB36: 1.0615 | AC36: 1.0615 | AD36: -
A37: 45261 | B37: 434.4 | C37: 460 | D37: 433.65 | E37: 450.65 | F37: 427.53 | G37: 5010760 | L37: 45454 | M37: 0.01 Dividend | X37: 45170 | Y37: 1.0844 | Z37: 1.0881 | AA37: 1.0492 | AB37: 1.0588 | AC37: 1.0588 | AD37: -
A38: 45231 | B38: 398.3 | C38: 435 | D38: 389.8 | E38: 431.05 | F38: 408.93 | G38: 7065162 | L38: 45444 | M38: 113.62 | N38: 140.76 | O38: 112 | P38: 123.54 | Q38: 123.2 | R38: 7424176700 | X38: 45139 | Y38: 1.0998 | Z38: 1.1058 | AA38: 1.0767 | AB38: 1.0933 | AC38: 1.0933 | AD38: -
A39: 45200 | B39: 394.75 | C39: 400.9 | D39: 372 | E39: 396.15 | F39: 375.82 | G39: 7012300 | L39: 45453 | M39: 10:1 Stock Splits | X39: 45108 | Y39: 1.0918 | Z39: 1.1276 | AA39: 1.0834 | AB39: 1.1024 | AC39: 1.1024 | AD39: -
A40: 45170 | B40: 404 | C40: 413.2 | D40: 385.65 | E40: 393.2 | F40: 373.02 | G40: 7305542 | L40: 45413 | M40: 85.08 | N40: 115.82 | O40: 81.25 | P40: 109.63 | Q40: 109.32 | R40: 9645174000 | X40: 45078 | Y40: 1.0695 | Z40: 1.1011 | AA40: 1.0664 | AB40: 1.0868 | AC40: 1.0868 | AD40: -
A41: 45139 | B41: 425 | C41: 426.25 | D41: 393.55 | E41: 405.8 | F41: 384.98 | G41: 5762538 | L41: 45383 | M41: 90.3 | N41: 92.22 | O41: 75.61 | P41: 86.4 | Q41: 86.16 | R41: 10072334000 | X41: 45047 | Y41: 1.1011 | Z41: 1.1212 | AA41: 1.0652 | AB41: 1.0733 | AC41: 1.0733 | AD41: -
A42: 45108 | B42: 427.8 | C42: 427.85 | D42: 397.2 | E42: 423.2 | F42: 401.48 | G42: 5871594 | L42: 45356 | M42: 0.004 Dividend | X42: 45017 | Y42: 1.0872 | Z42: 1.1128 | AA42: 1.0789 | AB42: 1.1128 | AC42: 1.1128 | AD42: -
A43: 45078 | B43: 402.65 | C43: 428.8 | D43: 395.05 | E43: 427.1 | F43: 405.18 | G43: 6955628 | L43: 45352 | M43: 80 | N43: 97.4 | O43: 79.43 | P43: 90.36 | Q43: 90.1 | R43: 12149218000 | X43: 44986 | Y43: 1.0577 | Z43: 1.0929 | AA43: 1.052 | AB43: 1.0905 | AC43: 1.0905 | AD43: -
A44: 45047 | B44: 432.75 | C44: 440 | D44: 396.8 | E44: 399 | F44: 378.53 | G44: 6525396 | L44: 45323 | M44: 62.1 | N44: 82.39 | O44: 61.65 | P44: 79.11 | Q44: 78.88 | R44: 11061356000 | X44: 44958 | Y44: 1.0861 | Z44: 1.1027 | AA44: 1.0534 | AB44: 1.0611 | AC44: 1.0611 | AD44: -
A45: 45042 | B45: 6 Dividend | L45: 45292 | M45: 49.24 | N45: 63.49 | O45: 47.32 | P45: 61.53 | Q45: 61.35 | R45: 9706237000 | X45: 44927 | Y45: 1.0728 | Z45: 1.0933 | AA45: 1.0485 | AB45: 1.0851 | AC45: 1.0851 | AD45: -
A46: 45017 | B46: 409.4 | C46: 442.6 | D46: 409.05 | E46: 432.75 | F46: 410.54 | G46: 6503817 | L46: 45265 | M46: 0.004 Dividend | X46: 44896 | Y46: 1.0425 | Z46: 1.0728 | AA46: 1.0398 | AB46: 1.0728 | AC46: 1.0728 | AD46: -
A47: 44986 | B47: 374.75 | C47: 413.55 | D47: 365.8 | E47: 411.25 | F47: 384.73 | G47: 8760692 | L47: 45261 | M47: 46.53 | N47: 50.43 | O47: 45.01 | P47: 49.52 | Q47: 49.38 | R47: 7411887000 | X47: 44866 | Y47: 0.9886 | Z47: 1.0497 | AA47: 0.9731 | AB47: 1.0324 | AC47: 1.0324 | AD47: -
A48: 44958 | B48: 376.2 | C48: 393.6 | D48: 364.2 | E48: 375.1 | F48: 350.91 | G48: 7495999 | L48: 45231 | M48: 40.88 | N48: 50.55 | O48: 40.87 | P48: 46.77 | Q48: 46.63 | R48: 9144618000 | X48: 44835 | Y48: 0.9805 | Z48: 1.0095 | AA48: 0.9636 | AB48: 0.9955 | AC48: 0.9955 | AD48: -
A49: 44927 | B49: 336.15 | C49: 388.4 | D49: 334.3 | E49: 378.05 | F49: 353.67 | G49: 7573047 | L49: 45200 | M49: 44.03 | N49: 47.61 | O49: 39.23 | P49: 40.78 | Q49: 40.66 | R49: 10141101000 | X49: 44805 | Y49: 1.0039 | Z49: 1.0197 | AA49: 0.954 | AB49: 0.983 | AC49: 0.983 | AD49: -
A50: 44896 | B50: 359.75 | C50: 364.8 | D50: 330 | E50: 333.6 | F50: 312.09 | G50: 6630812 | L50: 45175 | M50: 0.004 Dividend | X50: 44774 | Y50: 1.0208 | Z50: 1.0369 | AA50: 0.9903 | AB50: 1.0025 | AC50: 1.0025 | AD50: -
A51: 44866 | B51: 321.3 | C51: 356.7 | D51: 300.7 | E51: 354.8 | F51: 331.92 | G51: 8945604 | L51: 45170 | M51: 49.76 | N51: 49.8 | O51: 40.98 | P51: 43.5 | Q51: 43.37 | R51: 8579273000 | X51: 44743 | Y51: 1.0478 | Z51: 1.0478 | AA51: 0.9954 | AB51: 1.0227 | AC51: 1.0227 | AD51: -
A52: 44835 | B52: 326.95 | C52: 341.1 | D52: 304.05 | E52: 318.1 | F52: 297.59 | G52: 8397766 | L52: 45139 | M52: 46.46 | N52: 50.27 | O52: 40.31 | P52: 49.35 | Q52: 49.2 | R52: 13632152000 | X52: 44713 | Y52: 1.0734 | Z52: 1.077 | AA52: 1.0383 | AB52: 1.0447 | AC52: 1.0447 | AD52: -
A53: 44805 | B53: 340.75 | C53: 361.7 | D53: 319.7 | E53: 330.25 | F53: 308.96 | G53: 8900822 | L53: 45108 | M53: 42.52 | N53: 48.09 | O53: 41.35 | P53: 46.73 | Q53: 46.59 | R53: 8706845000 | X53: 44682 | Y53: 1.0546 | Z53: 1.0785 | AA53: 1.0352 | AB53: 1.0774 | AC53: 1.0774 | AD53: -
A54: 44774 | B54: 367.55 | C54: 372.15 | D54: 339 | E54: 343.25 | F54: 321.12 | G54: 6597564 | L54: 45084 | M54: 0.004 Dividend | X54: 44652 | Y54: 1.1072 | Z54: 1.1075 | AA54: 1.0473 | AB54: 1.0546 | AC54: 1.0546 | AD54: -
A55: 44743 | B55: 327.8 | C55: 373 | D55: 323.05 | E55: 368.1 | F55: 344.37 | G55: 8383480 | L55: 45078 | M55: 38.49 | N55: 43.99 | O55: 37.36 | P55: 42.3 | Q55: 42.17 | R55: 10527050000 | X55: 44621 | Y55: 1.1215 | Z55: 1.1232 | AA55: 1.0809 | AB55: 1.1162 | AC55: 1.1162 | AD55: -
A56: 44713 | B56: 330.55 | C56: 343.95 | D56: 300.45 | E56: 329.3 | F56: 308.07 | G56: 9216763 | L56: 45047 | M56: 27.84 | N56: 41.94 | O56: 27.24 | P56: 37.83 | Q56: 37.71 | R56: 11697819000 | X56: 44593 | Y56: 1.1229 | Z56: 1.1494 | AA56: 1.111 | AB56: 1.1181 | AC56: 1.1181 | AD56: -
A57: 44682 | B57: 343.8 | C57: 345.1 | D57: 300.9 | E57: 328.55 | F57: 307.37 | G57: 11356561 | L57: 45017 | M57: 27.51 | N57: 28.11 | O57: 26.22 | P57: 27.75 | Q57: 27.66 | R57: 7436450000 | X57: 44562 | Y57: 1.1375 | Z57: 1.1484 | AA57: 1.1123 | AB57: 1.1152 | AC57: 1.1152 | AD57: -
A58: 44678 | B58: 4.8 Dividend | L58: 44992 | M58: 0.004 Dividend | X58: 44531 | Y58: 1.133 | Z58: 1.1379 | AA58: 1.1231 | AB58: 1.1325 | AC58: 1.1325 | AD58: -
A59: 44652 | B59: 365.05 | C59: 376.35 | D59: 334.35 | E59: 348.9 | F59: 326.4 | G59: 7944298 | L59: 44986 | M59: 23.19 | N59: 27.83 | O59: 22.3 | P59: 27.78 | Q59: 27.69 | R59: 11263731000 | X59: 44501 | Y59: 1.1559 | Z59: 1.1617 | AA59: 1.1188 | AB59: 1.1293 | AC59: 1.1293 | AD59: -
A60: 44621 | B60: 355 | C60: 376.1 | D60: 322.5 | E60: 363.85 | F60: 335.56 | G60: 13537923 | L60: 44958 | M60: 19.69 | N60: 23.89 | O60: 19.61 | P60: 23.22 | Q60: 23.14 | R60: 10393479000 | X60: 44470 | Y60: 1.1574 | Z60: 1.1693 | AA60: 1.153 | AB60: 1.1561 | AC60: 1.1561 | AD60: -
A61: 44593 | B61: 380.95 | C61: 385.25 | D61: 328.8 | E61: 355 | F61: 327.4 | G61: 10486784 | L61: 44927 | M61: 14.85 | N61: 20.63 | O61: 14.03 | P61: 19.54 | Q61: 19.47 | R61: 9454960000 | X61: 44440 | Y61: 1.1812 | Z61: 1.1908 | AA61: 1.157 | AB61: 1.1602 | AC61: 1.1602 | AD61: -
A62: 44562 | B62: 425.25 | C62: 431.95 | D62: 361.45 | E62: 376.85 | F62: 347.55 | G62: 8803912 | L62: 44896 | M62: 17 | N62: 18.79 | O62: 13.88 | P62: 14.61 | Q62: 14.57 | R62: 8946152000 | X62: 44409 | Y62: 1.1868 | Z62: 1.1902 | AA62: 1.1665 | AB62: 1.1797 | AC62: 1.1797 | AD62: -
A63: 44531 | B63: 399.95 | C63: 433.65 | D63: 395.55 | E63: 416.95 | F63: 384.53 | G63: 7069754 | L63: 44895 | M63: 0.004 Dividend | X63: 44378 | Y63: 1.1855 | Z63: 1.1911 | AA63: 1.1754 | AB63: 1.1868 | AC63: 1.1868 | AD63: -
A64: 44501 | B64: 396.15 | C64: 430.45 | D64: 392.75 | E64: 397.5 | F64: 366.59 | G64: 8489661 | L64: 44866 | M64: 13.81 | N64: 17 | O64: 12.96 | P64: 16.92 | Q64: 16.87 | R64: 10600603000 | X64: 44348 | Y64: 1.2234 | Z64: 1.2254 | AA64: 1.1846 | AB64: 1.1902 | AC64: 1.1902 | AD64: -
A65: 44470 | B65: 354.8 | C65: 394.95 | D65: 351 | E65: 394.95 | F65: 364.24 | G65: 8300736 | L65: 44835 | M65: 12.35 | N65: 13.85 | O65: 10.81 | P65: 13.5 | Q65: 13.45 | R65: 12549277000 | X65: 44317 | Y65: 1.2021 | Z65: 1.2267 | AA65: 1.1987 | AB65: 1.219 | AC65: 1.219 | AD65: -
A66: 44440 | B66: 398.15 | C66: 402.65 | D66: 356.85 | E66: 356.85 | F66: 329.1 | G66: 8359949 | L66: 44811 | M66: 0.004 Dividend | X66: 44287 | Y66: 1.1729 | Z66: 1.2152 | AA66: 1.1715 | AB66: 1.2127 | AC66: 1.2127 | AD66: -
A67: 44409 | B67: 387.55 | C67: 406.25 | D67: 381.55 | E67: 396.3 | F67: 365.49 | G67: 6331793 | L67: 44805 | M67: 14.21 | N67: 14.55 | O67: 11.95 | P67: 12.14 | Q67: 12.1 | R67: 13130578000 | X67: 44256 | Y67: 1.2091 | Z67: 1.211 | AA67: 1.1705 | AB67: 1.1724 | AC67: 1.1724 | AD67: -
A68: 44378 | B68: 377.05 | C68: 388.75 | D68: 360.45 | E68: 385.9 | F68: 355.89 | G68: 7578396 | L68: 44774 | M68: 18.18 | N68: 19.27 | O68: 14.96 | P68: 15.09 | Q68: 15.04 | R68: 12069648000 | X68: 44228 | Y68: 1.2123 | Z68: 1.2242 | AA68: 1.1954 | AB68: 1.2074 | AC68: 1.2074 | AD68: -
A69: 44348 | B69: 369.2 | C69: 395.95 | D69: 367 | E69: 375.8 | F69: 346.58 | G69: 8720877 | L69: 44743 | M69: 14.9 | N69: 18.24 | O69: 14.06 | P69: 18.16 | Q69: 18.09 | R69: 10564476000 | X69: 44197 | Y69: 1.2173 | Z69: 1.235 | AA69: 1.2055 | AB69: 1.2139 | AC69: 1.2139 | AD69: -
A70: 44317 | B70: 341.85 | C70: 372.4 | D70: 340.7 | E70: 368.3 | F70: 339.66 | G70: 7239004 | L70: 44720 | M70: 0.004 Dividend | X70: 44166 | Y70: 1.1938 | Z70: 1.231 | AA70: 1.1936 | AB70: 1.23 | AC70: 1.23 | AD70: -
A71: 44313 | B71: 4 Dividend | L71: 44713 | M71: 18.72 | N71: 19.62 | O71: 14.86 | P71: 15.16 | Q71: 15.1 | R71: 10554791000 | X71: 44136 | Y71: 1.1679 | Z71: 1.2002 | AA71: 1.1608 | AB71: 1.1971 | AC71: 1.1971 | AD71: -
A72: 44287 | B72: 328.6 | C72: 350.65 | D72: 322.45 | E72: 341.65 | F72: 315.09 | G72: 7134106 | L72: 44682 | M72: 18.54 | N72: 20.4 | O72: 15.57 | P72: 18.67 | Q72: 18.6 | R72: 13833021000 | X72: 44105 | Y72: 1.1724 | Z72: 1.1882 | AA72: 1.1643 | AB72: 1.1677 | AC72: 1.1677 | AD72: -
A73: 44256 | B73: 306.1 | C73: 329.1 | D73: 304 | E73: 326.8 | F73: 297.87 | G73: 9104519 | L73: 44652 | M73: 27.38 | N73: 27.56 | O73: 18.29 | P73: 18.55 | Q73: 18.47 | R73: 11114390000 | X73: 44075 | Y73: 1.1939 | Z73: 1.2011 | AA73: 1.1613 | AB73: 1.1742 | AC73: 1.1742 | AD73: -
A74: 44228 | B74: 293.3 | C74: 320 | D74: 292.4 | E74: 302.8 | F74: 276 | G74: 8219536 | L74: 44622 | M74: 0.004 Dividend | X74: 44044 | Y74: 1.178 | Z74: 1.1965 | AA74: 1.1701 | AB74: 1.1918 | AC74: 1.1918 | AD74: -
A75: 44197 | B75: 310.8 | C75: 316.1 | D75: 290.1 | E75: 290.1 | F75: 264.42 | G75: 7810448 | L75: 44621 | M75: 24.29 | N75: 28.95 | O75: 20.65 | P75: 27.29 | Q75: 27.17 | R75: 11644599000 | X75: 44013 | Y75: 1.1234 | Z75: 1.1908 | AA75: 1.1189 | AB75: 1.1872 | AC75: 1.1872 | AD75: -
A76: 44166 | B76: 309.2 | C76: 314.1 | D76: 294.2 | E76: 310.8 | F76: 283.29 | G76: 8283069 | L76: 44593 | M76: 25.1 | N76: 26.92 | O76: 20.89 | P76: 24.39 | Q76: 24.28 | R76: 10644270000 | X76: 43983 | Y76: 1.1115 | Z76: 1.14 | AA76: 1.1101 | AB76: 1.1247 | AC76: 1.1247 | AD76: -
A77: 44136 | B77: 279.3 | C77: 321.4 | D77: 276.8 | E77: 306.8 | F77: 279.64 | G77: 12101110 | L77: 44562 | M77: 29.82 | N77: 30.71 | O77: 20.89 | P77: 24.49 | Q77: 24.38 | R77: 10682164000 | X77: 43952 | Y77: 1.0945 | Z77: 1.1145 | AA77: 1.0768 | AB77: 1.111 | AC77: 1.111 | AD77: -
A78: 44105 | B78: 280 | C78: 295 | D78: 275.1 | E78: 277.7 | F78: 253.12 | G78: 9314505 | L78: 44531 | M78: 0.004 Dividend | X78: 43922 | Y78: 1.1028 | Z78: 1.1038 | AA78: 1.0728 | AB78: 1.0877 | AC78: 1.0877 | AD78: -
A79: 44075 | B79: 277.9 | C79: 285.4 | D79: 269.3 | E79: 277.6 | F79: 253.03 | G79: 9992678 | L79: 44531 | M79: 33.22 | N79: 33.29 | O79: 27.15 | P79: 29.41 | Q79: 29.29 | R79: 11058505000 | X79: 43891 | Y79: 1.1028 | Z79: 1.1496 | AA79: 1.0655 | AB79: 1.103 | AC79: 1.103 | AD79: -
A80: 44044 | B80: 283 | C80: 286.5 | D80: 272.3 | E80: 276.9 | F80: 252.39 | G80: 8511905 | L80: 44501 | M80: 25.65 | N80: 34.65 | O80: 25.23 | P80: 32.68 | Q80: 32.53 | R80: 10811170000 | X80: 43862 | Y80: 1.1096 | Z80: 1.1096 | AA80: 1.078 | AB80: 1.103 | AC80: 1.103 | AD80: -
A81: 44015 | B81: 3.85 Dividend | L81: 44470 | M81: 20.75 | N81: 25.71 | O81: 19.56 | P81: 25.57 | Q81: 25.45 | R81: 4971078000 | X81: 43831 | Y81: 1.1221 | Z81: 1.1228 | AA81: 1.0993 | AB81: 1.1029 | AC81: 1.1029 | AD81: -
A82: 44013 | B82: 285.1 | C82: 297.2 | D82: 279.5 | E82: 283 | F82: 257.95 | G82: 11011765 | L82: 44440 | M82: 22.49 | N82: 22.99 | O82: 20.47 | P82: 20.72 | Q82: 20.63 | R82: 4998986000 | X82: 43800 | Y82: 1.1019 | Z82: 1.1241 | AA82: 1.1004 | AB82: 1.1202 | AC82: 1.1202 | AD82: -
A83: 43983 | B83: 264 | C83: 287.6 | D83: 255.1 | E83: 285.7 | F83: 257.03 | G83: 13429013 | L83: 44439 | M83: 0.004 Dividend | X83: 43770 | Y83: 1.1156 | Z83: 1.1194 | AA83: 1.0983 | AB83: 1.102 | AC83: 1.102 | AD83: -
A84: 43952 | B84: 265.3 | C84: 265.3 | D84: 239.1 | E84: 261.9 | F84: 235.62 | G84: 10454268 | L84: 44409 | M84: 19.7 | N84: 23.04 | O84: 18.76 | P84: 22.39 | Q84: 22.29 | R84: 6416386000 | X84: 43739 | Y84: 1.0899 | Z84: 1.1181 | AA84: 1.0882 | AB84: 1.1154 | AC84: 1.1154 | AD84: -
A85: 43922 | B85: 232.8 | C85: 265.3 | D85: 229 | E85: 265.3 | F85: 238.68 | G85: 11892375 | L85: 44397 | M85: 4:1 Stock Splits | X85: 43709 | Y85: 1.1012 | Z85: 1.1158 | AA85: 1.0888 | AB85: 1.0943 | AC85: 1.0943 | AD85: -
A86: 43891 | B86: 246.2 | C86: 263.1 | D86: 196 | E86: 238.9 | F86: 214.93 | G86: 29121450 | L86: 44378 | M86: 20.13 | N86: 20.88 | O86: 17.87 | P86: 19.5 | Q86: 19.41 | R86: 7823077000 | X86: 43678 | Y86: 1.1072 | Z86: 1.1313 | AA86: 1.0987 | AB86: 1.1012 | AC86: 1.1012 | AD86: -
A87: 43862 | B87: 252.3 | C87: 278.5 | D87: 235.2 | E87: 241 | F87: 216.82 | G87: 13399487 | L87: 44356 | M87: 0.004 Dividend | X87: 43647 | Y87: 1.1364 | Z87: 1.1368 | AA87: 1.1104 | AB87: 1.1158 | AC87: 1.1158 | AD87: -
A88: 43831 | B88: 264 | C88: 276.2 | D88: 251.9 | E88: 251.9 | F88: 226.62 | G88: 10036787 | L88: 44348 | M88: 16.27 | N88: 20.16 | O88: 15.9 | P88: 20 | Q88: 19.91 | R88: 10273292000 | X88: 43617 | Y88: 1.12 | Z88: 1.1414 | AA88: 1.1162 | AB88: 1.1391 | AC88: 1.1391 | AD88: -
A89: 43800 | B89: 257.9 | C89: 267.6 | D89: 248.3 | E89: 264 | F89: 237.51 | G89: 8352447 | L89: 44317 | M89: 15.13 | N89: 16.28 | O89: 13.46 | P89: 16.24 | Q89: 16.17 | R89: 7054380000 | X89: 43586 | Y89: 1.1218 | Z89: 1.1263 | AA89: 1.111 | AB89: 1.1131 | AC89: 1.1131 | AD89: -
A90: 43770 | B90: 262.2 | C90: 265.5 | D90: 254 | E90: 258.7 | F90: 232.74 | G90: 7788743 | L90: 44287 | M90: 13.57 | N90: 16.21 | O90: 13.51 | P90: 15.01 | Q90: 14.94 | R90: 6718796000 | X90: 43556 | Y90: 1.1223 | Z90: 1.1325 | AA90: 1.1122 | AB90: 1.1185 | AC90: 1.1185 | AD90: -
A91: 43739 | B91: 257.8 | C91: 266.6 | D91: 235.5 | E91: 261.8 | F91: 235.53 | G91: 11938914 | L91: 44264 | M91: 0.004 Dividend | X91: 43525 | Y91: 1.1373 | Z91: 1.144 | AA91: 1.1186 | AB91: 1.1233 | AC91: 1.1233 | AD91: -
A92: 43709 | B92: 247.6 | C92: 257.4 | D92: 241.4 | E92: 256.9 | F92: 231.12 | G92: 10577333 | L92: 44256 | M92: 13.88 | N92: 13.93 | O92: 11.57 | P92: 13.35 | Q92: 13.28 | R92: 7648656000 | X92: 43497 | Y92: 1.1451 | Z92: 1.1488 | AA92: 1.1235 | AB92: 1.138 | AC92: 1.138 | AD92: -
A93: 43678 | B93: 239.5 | C93: 251.1 | D93: 226.4 | E93: 248.6 | F93: 223.65 | G93: 12797526 | L93: 44228 | M93: 13.05 | N93: 15.37 | O93: 12.9 | P93: 13.71 | Q93: 13.64 | R93: 6680324000 | X93: 43466 | Y93: 1.1494 | Z93: 1.1571 | AA93: 1.1306 | AB93: 1.1488 | AC93: 1.1488 | AD93: -
A94: 43647 | B94: 252 | C94: 257.8 | D94: 235.3 | E94: 242 | F94: 217.72 | G94: 9016315 | L94: 44197 | M94: 13.1 | N94: 14 | O94: 12.59 | P94: 12.99 | Q94: 12.92 | R94: 6154172000
A95: 43617 | B95: 240 | C95: 257.3 | D95: 238.1 | E95: 250.5 | F95: 225.36 | G95: 9043355 | L95: 44168 | M95: 0.004 Dividend
A96: 43586 | B96: 245.1 | C96: 245.7 | D96: 233.1 | E96: 240.4 | F96: 216.28 | G96: 9666813 | L96: 44166 | M96: 13.49 | N96: 13.73 | O96: 12.76 | P96: 13.06 | Q96: 12.99 | R96: 5120996000
A97: 43581 | B97: 3.85 Dividend | L97: 44136 | M97: 12.66 | N97: 14.69 | O97: 12.4 | P97: 13.4 | Q97: 13.33 | R97: 7594820000
A98: 43556 | B98: 241.3 | C98: 245.8 | D98: 237.2 | E98: 245.1 | F98: 220.51 | G98: 9507829 | L98: 44105 | M98: 13.76 | N98: 14.35 | O98: 12.3 | P98: 12.53 | Q98: 12.47 | R98: 8022356000
A99: 43525 | B99: 225 | C99: 240.3 | D99: 221.3 | E99: 239.8 | F99: 212.33 | G99: 9323967 | L99: 44075 | M99: 0.004 Dividend
A100: 43497 | B100: 211.4 | C100: 226.7 | D100: 209.6 | E100: 221.9 | F100: 196.48 | G100: 10204947 | L100: 44075 | M100: 13.48 | N100: 14.73 | O100: 11.7 | P100: 13.53 | Q100: 13.46 | R100: 15856552000
...

Sheet Portfolio Analysis
A1: Date | B1: L'Oreal Adj Close EUR | C1: EUR/USD Rate | D1: L'Oreal Adj Close USD | E1: NVIDIA's Adj Close USD | F1: L'Oreal Monthly Return | G1: NVIDIA Monthly Return | I1: Metric | J1: L'Oreal | K1: NVDIA
A2: 43466 | B2: =VLOOKUP(A2,'Price Data'!$A$2:$F$150,6,FALSE()) -> 186.03 | C2: =VLOOKUP(A2,'Price Data'!$X$2:$AC$150,6,FALSE()) -> 1.1488 | D2: =B2*C2 -> 213.71126 | E2: =SUMIFS('Price Data'!$Q$2:$Q$150,'Price Data'!$L$2:$L$150,A2) -> 3.56 | I2: Average Monthly Return | J2: =AVERAGE(F3:F93) -> 0.010338799 | K2: =AVERAGE(G3:G93) -> 0.054880661
A3: =EDATE(A2,1) -> 43497 | B3: =VLOOKUP(A3,'Price Data'!$A$2:$F$150,6,FALSE()) -> 196.48 | C3: =VLOOKUP(A3,'Price Data'!$X$2:$AC$150,6,FALSE()) -> 1.138 | D3: =B3*C3 -> 223.59424 | E3: =SUMIFS('Price Data'!$Q$2:$Q$150,'Price Data'!$L$2:$L$150,A3) -> 3.82 | F3: =(D3-D2)/D2 -> 0.046244526 | G3: =(E3-E2)/E2 -> 0.073033708 | I3: Monthly Volatility | J3: =_xlfn.STDEV.S(F3:F93) -> 0.067241567 | K3: =_xlfn.STDEV.S(G3:G93) -> 0.13236573
A4: =EDATE(A3,1) -> 43525 | B4: =VLOOKUP(A4,'Price Data'!$A$2:$F$150,6,FALSE()) -> 212.33 | C4: =VLOOKUP(A4,'Price Data'!$X$2:$AC$150,6,FALSE()) -> 1.1233 | D4: =B4*C4 -> 238.51029 | E4: =SUMIFS('Price Data'!$Q$2:$Q$150,'Price Data'!$L$2:$L$150,A4) -> 4.45 | F4: =(D4-D3)/D3 -> 0.066710345 | G4: =(E4-E3)/E3 -> 0.16492147 | I4: Correlation | J4: =CORREL(F3:F93,G3:G93) -> 0.283103
A5: =EDATE(A4,1) -> 43556 | B5: =VLOOKUP(A5,'Price Data'!$A$2:$F$150,6,FALSE()) -> 220.51 | C5: =VLOOKUP(A5,'Price Data'!$X$2:$AC$150,6,FALSE()) -> 1.1185 | D5: =B5*C5 -> 246.64043 | E5: =SUMIFS('Price Data'!$Q$2:$Q$150,'Price Data'!$L$2:$L$150,A5) -> 4.48 | F5: =(D5-D4)/D4 -> 0.034087192 | G5: =(E5-E4)/E4 -> 0.006741573 | I5: Monthly risk-free rate | J5: 0.003
A6: =EDATE(A5,1) -> 43586 | B6: =VLOOKUP(A6,'Price Data'!$A$2:$F$150,6,FALSE()) -> 216.28 | C6: =VLOOKUP(A6,'Price Data'!$X$2:$AC$150,6,FALSE()) -> 1.1131 | D6: =B6*C6 -> 240.74127 | E6: =SUMIFS('Price Data'!$Q$2:$Q$150,'Price Data'!$L$2:$L$150,A6) -> 3.36 | F6: =(D6-D5)/D5 -> -0.023918085 | G6: =(E6-E5)/E5 -> -0.25
A7: =EDATE(A6,1) -> 43617 | B7: =VLOOKUP(A7,'Price Data'!$A$2:$F$150,6,FALSE()) -> 225.36 | C7: =VLOOKUP(A7,'Price Data'!$X$2:$AC$150,6,FALSE()) -> 1.1391 | D7: =B7*C7 -> 256.70758 | E7: =SUMIFS('Price Data'!$Q$2:$Q$150,'Price Data'!$L$2:$L$150,A7) -> 4.07 | F7: =(D7-D6)/D6 -> 0.066321442 | G7: =(E7-E6)/E6 -> 0.21130952
A8: =EDATE(A7,1) -> 43647 | B8: =VLOOKUP(A8,'Price Data'!$A$2:$F$150,6,FALSE()) -> 217.72 | C8: =VLOOKUP(A8,'Price Data'!$X$2:$AC$150,6,FALSE()) -> 1.1158 | D8: =B8*C8 -> 242.93198 | E8: =SUMIFS('Price Data'!$Q$2:$Q$150,'Price Data'!$L$2:$L$150,A8) -> 4.18 | F8: =(D8-D7)/D7 -> -0.053662616 | G8: =(E8-E7)/E7 -> 0.027027027 | I8: L'Oreal Weight | J8: NVIDIA Weight | K8: Expected Return | L8: Variance | M8: Volatility | N8: Sharpe Ratio
A9: =EDATE(A8,1) -> 43678 | B9: =VLOOKUP(A9,'Price Data'!$A$2:$F$150,6,FALSE()) -> 223.65 | C9: =VLOOKUP(A9,'Price Data'!$X$2:$AC$150,6,FALSE()) -> 1.1012 | D9: =B9*C9 -> 246.28338 | E9: =SUMIFS('Price Data'!$Q$2:$Q$150,'Price Data'!$L$2:$L$150,A9) -> 4.16 | F9: =(D9-D8)/D8 -> 0.013795648 | G9: =(E9-E8)/E8 -> -0.004784689 | I9: 0 | J9: =1-I9 -> 1 | K9: =I9*$J$2+J9*$K$2 -> 0.054880661 | L9: =I9^2*$J$3^2+J9^2*$K$3^2+2*I9*J9*$J$3*$K$3*$J$4 -> 0.017520687 | M9: =SQRT(L9) -> 0.13236573 | N9: =(K9-$J$5)/M9 -> 0.39194934
A10: =EDATE(A9,1) -> 43709 | B10: =VLOOKUP(A10,'Price Data'!$A$2:$F$150,6,FALSE()) -> 231.12 | C10: =VLOOKUP(A10,'Price Data'!$X$2:$AC$150,6,FALSE()) -> 1.0943 | D10: =B10*C10 -> 252.91462 | E10: =SUMIFS('Price Data'!$Q$2:$Q$150,'Price Data'!$L$2:$L$150,A10) -> 4.32 | F10: =(D10-D9)/D9 -> 0.026925227 | G10: =(E10-E9)/E9 -> 0.038461538 | I10: =I9+5% -> 0.05 | J10: =1-I10 -> 0.95 | K10: =I10*$J$2+J10*$K$2 -> 0.052653568 | L10: =I10^2*$J$3^2+J10^2*$K$3^2+2*I10*J10*$J$3*$K$3*$J$4 -> 0.0160631 | M10: =SQRT(L10) -> 0.12674028 | N10: =(K10-$J$5)/M10 -> 0.39177415
A11: =EDATE(A10,1) -> 43739 | B11: =VLOOKUP(A11,'Price Data'!$A$2:$F$150,6,FALSE()) -> 235.53 | C11: =VLOOKUP(A11,'Price Data'!$X$2:$AC$150,6,FALSE()) -> 1.1154 | D11: =B11*C11 -> 262.71016 | E11: =SUMIFS('Price Data'!$Q$2:$Q$150,'Price Data'!$L$2:$L$150,A11) -> 4.99 | F11: =(D11-D10)/D10 -> 0.038730644 | G11: =(E11-E10)/E10 -> 0.15509259 | I11: =I10+5% -> 0.1 | J11: =1-I11 -> 0.9 | K11: =I11*$J$2+J11*$K$2 -> 0.050426475 | L11: =I11^2*$J$3^2+J11^2*$K$3^2+2*I11*J11*$J$3*$K$3*$J$4 -> 0.014690526 | M11: =SQRT(L11) -> 0.12120448 | N11: =(K11-$J$5)/M11 -> 0.39129308
A12: =EDATE(A11,1) -> 43770 | B12: =VLOOKUP(A12,'Price Data'!$A$2:$F$150,6,FALSE()) -> 232.74 | C12: =VLOOKUP(A12,'Price Data'!$X$2:$AC$150,6,FALSE()) -> 1.102 | D12: =B12*C12 -> 256.47948 | E12: =SUMIFS('Price Data'!$Q$2:$Q$150,'Price Data'!$L$2:$L$150,A12) -> 5.38 | F12: =(D12-D11)/D11 -> -0.023716943 | G12: =(E12-E11)/E11 -> 0.078156313 | I12: =I11+5% -> 0.15 | J12: =1-I12 -> 0.85 | K12: =I12*$J$2+J12*$K$2 -> 0.048199382 | L12: =I12^2*$J$3^2+J12^2*$K$3^2+2*I12*J12*$J$3*$K$3*$J$4 -> 0.013402965 | M12: =SQRT(L12) -> 0.11577118 | N12: =(K12-$J$5)/M12 -> 0.39041999
A13: =EDATE(A12,1) -> 43800 | B13: =VLOOKUP(A13,'Price Data'!$A$2:$F$150,6,FALSE()) -> 237.51 | C13: =VLOOKUP(A13,'Price Data'!$X$2:$AC$150,6,FALSE()) -> 1.1202 | D13: =B13*C13 -> 266.0587 | E13: =SUMIFS('Price Data'!$Q$2:$Q$150,'Price Data'!$L$2:$L$150,A13) -> 5.84 | F13: =(D13-D12)/D12 -> 0.037348883 | G13: =(E13-E12)/E12 -> 0.085501859 | I13: =I12+5% -> 0.2 | J13: =1-I13 -> 0.8 | K13: =I13*$J$2+J13*$K$2 -> 0.045972288 | L13: =I13^2*$J$3^2+J13^2*$K$3^2+2*I13*J13*$J$3*$K$3*$J$4 -> 0.012200417 | M13: =SQRT(L13) -> 0.1104555 | N13: =(K13-$J$5)/M13 -> 0.38904617
A14: =EDATE(A13,1) -> 43831 | B14: =VLOOKUP(A14,'Price Data'!$A$2:$F$150,6,FALSE()) -> 226.62 | C14: =VLOOKUP(A14,'Price Data'!$X$2:$AC$150,6,FALSE()) -> 1.1029 | D14: =B14*C14 -> 249.9392 | E14: =SUMIFS('Price Data'!$Q$2:$Q$150,'Price Data'!$L$2:$L$150,A14) -> 5.87 | F14: =(D14-D13)/D13 -> -0.060586269 | G14: =(E14-E13)/E13 -> 0.0051369863 | I14: =I13+5% -> 0.25 | J14: =1-I14 -> 0.75 | K14: =I14*$J$2+J14*$K$2 -> 0.043745195 | L14: =I14^2*$J$3^2+J14^2*$K$3^2+2*I14*J14*$J$3*$K$3*$J$4 -> 0.011082883 | M14: =SQRT(L14) -> 0.10527527 | N14: =(K14-$J$5)/M14 -> 0.38703482
A15: =EDATE(A14,1) -> 43862 | B15: =VLOOKUP(A15,'Price Data'!$A$2:$F$150,6,FALSE()) -> 216.82 | C15: =VLOOKUP(A15,'Price Data'!$X$2:$AC$150,6,FALSE()) -> 1.103 | D15: =B15*C15 -> 239.15246 | E15: =SUMIFS('Price Data'!$Q$2:$Q$150,'Price Data'!$L$2:$L$150,A15) -> 6.71 | F15: =(D15-D14)/D14 -> -0.043157448 | G15: =(E15-E14)/E14 -> 0.14310051 | I15: =I14+5% -> 0.3 | J15: =1-I15 -> 0.7 | K15: =I15*$J$2+J15*$K$2 -> 0.041518102 | L15: =I15^2*$J$3^2+J15^2*$K$3^2+2*I15*J15*$J$3*$K$3*$J$4 -> 0.010050361 | M15: =SQRT(L15) -> 0.10025149 | N15: =(K15-$J$5)/M15 -> 0.38421477
A16: =EDATE(A15,1) -> 43891 | B16: =VLOOKUP(A16,'Price Data'!$A$2:$F$150,6,FALSE()) -> 214.93 | C16: =VLOOKUP(A16,'Price Data'!$X$2:$AC$150,6,FALSE()) -> 1.103 | D16: =B16*C16 -> 237.06779 | E16: =SUMIFS('Price Data'!$Q$2:$Q$150,'Price Data'!$L$2:$L$150,A16) -> 6.55 | F16: =(D16-D15)/D15 -> -0.008716908 | G16: =(E16-E15)/E15 -> -0.023845007 | I16: =I15+5% -> 0.35 | J16: =1-I16 -> 0.65 | K16: =I16*$J$2+J16*$K$2 -> 0.039291009 | L16: =I16^2*$J$3^2+J16^2*$K$3^2+2*I16*J16*$J$3*$K$3*$J$4 -> 0.0091028524 | M16: =SQRT(L16) -> 0.09540887 | N16: =(K16-$J$5)/M16 -> 0.38037354
A17: =EDATE(A16,1) -> 43922 | B17: =VLOOKUP(A17,'Price Data'!$A$2:$F$150,6,FALSE()) -> 238.68 | C17: =VLOOKUP(A17,'Price Data'!$X$2:$AC$150,6,FALSE()) -> 1.0877 | D17: =B17*C17 -> 259.61224 | E17: =SUMIFS('Price Data'!$Q$2:$Q$150,'Price Data'!$L$2:$L$150,A17) -> 7.26 | F17: =(D17-D16)/D16 -> 0.095097044 | G17: =(E17-E16)/E16 -> 0.10839695 | I17: =I16+5% -> 0.4 | J17: =1-I17 -> 0.6 | K17: =I17*$J$2+J17*$K$2 -> 0.037063916 | L17: =I17^2*$J$3^2+J17^2*$K$3^2+2*I17*J17*$J$3*$K$3*$J$4 -> 0.0082403569 | M17: =SQRT(L17) -> 0.090776411 | N17: =(K17-$J$5)/M17 -> 0.37525075
A18: =EDATE(A17,1) -> 43952 | B18: =VLOOKUP(A18,'Price Data'!$A$2:$F$150,6,FALSE()) -> 235.62 | C18: =VLOOKUP(A18,'Price Data'!$X$2:$AC$150,6,FALSE()) -> 1.111 | D18: =B18*C18 -> 261.77382 | E18: =SUMIFS('Price Data'!$Q$2:$Q$150,'Price Data'!$L$2:$L$150,A18) -> 8.82 | F18: =(D18-D17)/D17 -> 0.0083262023 | G18: =(E18-E17)/E17 -> 0.21487603 | I18: =I17+5% -> 0.45 | J18: =1-I18 -> 0.55 | K18: =I18*$J$2+J18*$K$2 -> 0.034836823 | L18: =I18^2*$J$3^2+J18^2*$K$3^2+2*I18*J18*$J$3*$K$3*$J$4 -> 0.0074628744 | M18: =SQRT(L18) -> 0.08638793 | N18: =(K18-$J$5)/M18 -> 0.36853324
A19: =EDATE(A18,1) -> 43983 | B19: =VLOOKUP(A19,'Price Data'!$A$2:$F$150,6,FALSE()) -> 257.03 | C19: =VLOOKUP(A19,'Price Data'!$X$2:$AC$150,6,FALSE()) -> 1.1247 | D19: =B19*C19 -> 289.08164 | E19: =SUMIFS('Price Data'!$Q$2:$Q$150,'Price Data'!$L$2:$L$150,A19) -> 9.44 | F19: =(D19-D18)/D18 -> 0.10431838 | G19: =(E19-E18)/E18 -> 0.070294785 | I19: =I18+5% -> 0.5 | J19: =1-I19 -> 0.5 | K19: =I19*$J$2+J19*$K$2 -> 0.03260973 | L19: =I19^2*$J$3^2+J19^2*$K$3^2+2*I19*J19*$J$3*$K$3*$J$4 -> 0.0067704049 | M19: =SQRT(L19) -> 0.08228247 | N19: =(K19-$J$5)/M19 -> 0.35985466
A20: =EDATE(A19,1) -> 44013 | B20: =VLOOKUP(A20,'Price Data'!$A$2:$F$150,6,FALSE()) -> 257.95 | C20: =VLOOKUP(A20,'Price Data'!$X$2:$AC$150,6,FALSE()) -> 1.1872 | D20: =B20*C20 -> 306.23824 | E20: =SUMIFS('Price Data'!$Q$2:$Q$150,'Price Data'!$L$2:$L$150,A20) -> 10.55 | F20: =(D20-D19)/D19 -> 0.059348629 | G20: =(E20-E19)/E19 -> 0.11758475 | I20: =I19+5% -> 0.55 | J20: =1-I20 -> 0.45 | K20: =I20*$J$2+J20*$K$2 -> 0.030382637 | L20: =I20^2*$J$3^2+J20^2*$K$3^2+2*I20*J20*$J$3*$K$3*$J$4 -> 0.0061629485 | M20: =SQRT(L20) -> 0.078504449 | N20: =(K20-$J$5)/M20 -> 0.34880363
A21: =EDATE(A20,1) -> 44044 | B21: =VLOOKUP(A21,'Price Data'!$A$2:$F$150,6,FALSE()) -> 252.39 | C21: =VLOOKUP(A21,'Price Data'!$X$2:$AC$150,6,FALSE()) -> 1.1918 | D21: =B21*C21 -> 300.7984 | E21: =SUMIFS('Price Data'!$Q$2:$Q$150,'Price Data'!$L$2:$L$150,A21) -> 13.3 | F21: =(D21-D20)/D20 -> -0.017763418 | G21: =(E21-E20)/E20 -> 0.26066351 | I21: =I20+5% -> 0.6 | J21: =1-I21 -> 0.4 | K21: =I21*$J$2+J21*$K$2 -> 0.028155544 | L21: =I21^2*$J$3^2+J21^2*$K$3^2+2*I21*J21*$J$3*$K$3*$J$4 -> 0.0056405052 | M21: =SQRT(L21) -> 0.075103297 | N21: =(K21-$J$5)/M21 -> 0.33494594
... A29: =EDATE(A28,1) -> 44287 | B29: =VLOOKUP(A29,'Price Data'!$A$2:$F$150,6,FALSE()) -> 315.09 | C29: =VLOOKUP(A29,'Price Data'!$X$2:$AC$150,6,FALSE()) -> 1.2127 | D29: =B29*C29 -> 382.10964 | E29: =SUMIFS('Price Data'!$Q$2:$Q$150,'Price Data'!$L$2:$L$150,A29) -> 14.94 | F29: =(D29-D28)/D28 -> 0.094171561 | G29: =(E29-E28)/E28 -> 0.125 | I29: =I28+5% -> 1 | J29: =1-I29 -> 0 | K29: =I29*$J$2+J29*$K$2 -> 0.010338799 | L29: =I29^2*$J$3^2+J29^2*$K$3^2+2*I29*J29*$J$3*$K$3*$J$4 -> 0.0045214283 | M29: =SQRT(L29) -> 0.067241567 | N29: =(K29-$J$5)/M29 -> 0.10914082
A30: =EDATE(A29,1) -> 44317 | B30: =VLOOKUP(A30,'Price Data'!$A$2:$F$150,6,FALSE()) -> 339.66 | C30: =VLOOKUP(A30,'Price Data'!$X$2:$AC$150,6,FALSE()) -> 1.219 | D30: =B30*C30 -> 414.04554 | E30: =SUMIFS('Price Data'!$Q$2:$Q$150,'Price Data'!$L$2:$L$150,A30) -> 16.17 | F30: =(D30-D29)/D29 -> 0.083577836 | G30: =(E30-E29)/E29 -> 0.082329317
A31: =EDATE(A30,1) -> 44348 | B31: =VLOOKUP(A31,'Price Data'!$A$2:$F$150,6,FALSE()) -> 346.58 | C31: =VLOOKUP(A31,'Price Data'!$X$2:$AC$150,6,FALSE()) -> 1.1902 | D31: =B31*C31 -> 412.49952 | E31: =SUMIFS('Price Data'!$Q$2:$Q$150,'Price Data'!$L$2:$L$150,A31) -> 19.91 | F31: =(D31-D30)/D30 -> -0.0037339468 | G31: =(E31-E30)/E30 -> 0.23129252
A32: =EDATE(A31,1) -> 44378 | B32: =VLOOKUP(A32,'Price Data'!$A$2:$F$150,6,FALSE()) -> 355.89 | C32: =VLOOKUP(A32,'Price Data'!$X$2:$AC$150,6,FALSE()) -> 1.1868 | D32: =B32*C32 -> 422.37025 | E32: =SUMIFS('Price Data'!$Q$2:$Q$150,'Price Data'!$L$2:$L$150,A32) -> 19.41 | F32: =(D32-D31)/D31 -> 0.023929085 | G32: =(E32-E31)/E31 -> -0.025113009 | I32: L'Oreal Weight | J32: NVIDIA Weight | K32: Expected Return | L32: Variance | M32: Volatility | N32: Sharpe Ratio
A33: =EDATE(A32,1) -> 44409 | B33: =VLOOKUP(A33,'Price Data'!$A$2:$F$150,6,FALSE()) -> 365.49 | C33: =VLOOKUP(A33,'Price Data'!$X$2:$AC$150,6,FALSE()) -> 1.1797 | D33: =B33*C33 -> 431.16855 | E33: =SUMIFS('Price Data'!$Q$2:$Q$150,'Price Data'!$L$2:$L$150,A33) -> 22.29 | F33: =(D33-D32)/D32 -> 0.020830778 | G33: =(E33-E32)/E32 -> 0.14837713 | I33: 0 | J33: =1-I33 -> 1 | K33: =I33*$J$2+J33*$K$2 -> 0.054880661 | L33: =I33^2*$J$3^2+J33^2*$K$3^2+2*I33*J33*$J$3*$K$3*$J$4 -> 0.017520687 | M33: =SQRT(L33) -> 0.13236573 | N33: =(K33-$J$5)/M33 -> 0.39194934
A34: =EDATE(A33,1) -> 44440 | B34: =VLOOKUP(A34,'Price Data'!$A$2:$F$150,6,FALSE()) -> 329.1 | C34: =VLOOKUP(A34,'Price Data'!$X$2:$AC$150,6,FALSE()) -> 1.1602 | D34: =B34*C34 -> 381.82182 | E34: =SUMIFS('Price Data'!$Q$2:$Q$150,'Price Data'!$L$2:$L$150,A34) -> 20.63 | F34: =(D34-D33)/D33 -> -0.11444882 | G34: =(E34-E33)/E33 -> -0.074472858
A35: =EDATE(A34,1) -> 44470 | B35: =VLOOKUP(A35,'Price Data'!$A$2:$F$150,6,FALSE()) -> 364.24 | C35: =VLOOKUP(A35,'Price Data'!$X$2:$AC$150,6,FALSE()) -> 1.1561 | D35: =B35*C35 -> 421.09786 | E35: =SUMIFS('Price Data'!$Q$2:$Q$150,'Price Data'!$L$2:$L$150,A35) -> 25.45 | F35: =(D35-D34)/D34 -> 0.10286485 | G35: =(E35-E34)/E34 -> 0.23364033
A36: =EDATE(A35,1) -> 44501 | B36: =VLOOKUP(A36,'Price Data'!$A$2:$F$150,6,FALSE()) -> 366.59 | C36: =VLOOKUP(A36,'Price Data'!$X$2:$AC$150,6,FALSE()) -> 1.1293 | D36: =B36*C36 -> 413.99009 | E36: =SUMIFS('Price Data'!$Q$2:$Q$150,'Price Data'!$L$2:$L$150,A36) -> 32.53 | F36: =(D36-D35)/D35 -> -0.016879157 | G36: =(E36-E35)/E35 -> 0.27819253 | I36: Goal | J36: L'Oreal Weight | K36: NVIDIA Weight
A37: =EDATE(A36,1) -> 44531 | B37: =VLOOKUP(A37,'Price Data'!$A$2:$F$150,6,FALSE()) -> 384.53 | C37: =VLOOKUP(A37,'Price Data'!$X$2:$AC$150,6,FALSE()) -> 1.1325 | D37: =B37*C37 -> 435.48023 | E37: =SUMIFS('Price Data'!$Q$2:$Q$150,'Price Data'!$L$2:$L$150,A37) -> 29.29 | F37: =(D37-D36)/D36 -> 0.051909789 | G37: =(E37-E36)/E36 -> -0.099600369 | I37: Maximum Return | J37: 0 | K37: 1
A38: =EDATE(A37,1) -> 44562 | B38: =VLOOKUP(A38,'Price Data'!$A$2:$F$150,6,FALSE()) -> 347.55 | C38: =VLOOKUP(A38,'Price Data'!$X$2:$AC$150,6,FALSE()) -> 1.1152 | D38: =B38*C38 -> 387.58776 | E38: =SUMIFS('Price Data'!$Q$2:$Q$150,'Price Data'!$L$2:$L$150,A38) -> 24.38 | F38: =(D38-D37)/D37 -> -0.10997621 | G38: =(E38-E37)/E37 -> -0.167634 | I38: Minimum Varience | J38: 0.88227243 | K38: =1-J38 -> 0.11772757
A39: =EDATE(A38,1) -> 44593 | B39: =VLOOKUP(A39,'Price Data'!$A$2:$F$150,6,FALSE()) -> 327.4 | C39: =VLOOKUP(A39,'Price Data'!$X$2:$AC$150,6,FALSE()) -> 1.1181 | D39: =B39*C39 -> 366.06594 | E39: =SUMIFS('Price Data'!$Q$2:$Q$150,'Price Data'!$L$2:$L$150,A39) -> 24.28 | F39: =(D39-D38)/D38 -> -0.055527605 | G39: =(E39-E38)/E38 -> -0.0041017227 | I39: Sharpe Ratio | J39: 0 | K39: =1-J39 -> 1
A40: =EDATE(A39,1) -> 44621 | B40: =VLOOKUP(A40,'Price Data'!$A$2:$F$150,6,FALSE()) -> 335.56 | C40: =VLOOKUP(A40,'Price Data'!$X$2:$AC$150,6,FALSE()) -> 1.1162 | D40: =B40*C40 -> 374.55207 | E40: =SUMIFS('Price Data'!$Q$2:$Q$150,'Price Data'!$L$2:$L$150,A40) -> 27.17 | F40: =(D40-D39)/D39 -> 0.023181976 | G40: =(E40-E39)/E39 -> 0.11902801
A41: =EDATE(A40,1) -> 44652 | B41: =VLOOKUP(A41,'Price Data'!$A$2:$F$150,6,FALSE()) -> 326.4 | C41: =VLOOKUP(A41,'Price Data'!$X$2:$AC$150,6,FALSE()) -> 1.0546 | D41: =B41*C41 -> 344.22144 | E41: =SUMIFS('Price Data'!$Q$2:$Q$150,'Price Data'!$L$2:$L$150,A41) -> 18.47 | F41: =(D41-D40)/D40 -> -0.080978412 | G41: =(E41-E40)/E40 -> -0.32020611
A42: =EDATE(A41,1) -> 44682 | B42: =VLOOKUP(A42,'Price Data'!$A$2:$F$150,6,FALSE()) -> 307.37 | C42: =VLOOKUP(A42,'Price Data'!$X$2:$AC$150,6,FALSE()) -> 1.0774 | D42: =B42*C42 -> 331.16044 | E42: =SUMIFS('Price Data'!$Q$2:$Q$150,'Price Data'!$L$2:$L$150,A42) -> 18.6 | F42: =(D42-D41)/D41 -> -0.037943604 | G42: =(E42-E41)/E41 -> 0.0070384407
A43: =EDATE(A42,1) -> 44713 | B43: =VLOOKUP(A43,'Price Data'!$A$2:$F$150,6,FALSE()) -> 308.07 | C43: =VLOOKUP(A43,'Price Data'!$X$2:$AC$150,6,FALSE()) -> 1.0447 | D43: =B43*C43 -> 321.84073 | E43: =SUMIFS('Price Data'!$Q$2:$Q$150,'Price Data'!$L$2:$L$150,A43) -> 15.1 | F43: =(D43-D42)/D42 -> -0.02814258 | G43: =(E43-E42)/E42 -> -0.18817204
A44: =EDATE(A43,1) -> 44743 | B44: =VLOOKUP(A44,'Price Data'!$A$2:$F$150,6,FALSE()) -> 344.37 | C44: =VLOOKUP(A44,'Price Data'!$X$2:$AC$150,6,FALSE()) -> 1.0227 | D44: =B44*C44 -> 352.1872 | E44: =SUMIFS('Price Data'!$Q$2:$Q$150,'Price Data'!$L$2:$L$150,A44) -> 18.09 | F44: =(D44-D43)/D43 -> 0.094290335 | G44: =(E44-E43)/E43 -> 0.19801325
A45: =EDATE(A44,1) -> 44774 | B45: =VLOOKUP(A45,'Price Data'!$A$2:$F$150,6,FALSE()) -> 321.12 | C45: =VLOOKUP(A45,'Price Data'!$X$2:$AC$150,6,FALSE()) -> 1.0025 | D45: =B45*C45 -> 321.9228 | E45: =SUMIFS('Price Data'!$Q$2:$Q$150,'Price Data'!$L$2:$L$150,A45) -> 15.04 | F45: =(D45-D44)/D44 -> -0.085932706 | G45: =(E45-E44)/E44 -> -0.16860144
A46: =EDATE(A45,1) -> 44805 | B46: =VLOOKUP(A46,'Price Data'!$A$2:$F$150,6,FALSE()) -> 308.96 | C46: =VLOOKUP(A46,'Price Data'!$X$2:$AC$150,6,FALSE()) -> 0.983 | D46: =B46*C46 -> 303.70768 | E46: =SUMIFS('Price Data'!$Q$2:$Q$150,'Price Data'!$L$2:$L$150,A46) -> 12.1 | F46: =(D46-D45)/D45 -> -0.056582261 | G46: =(E46-E45)/E45 -> -0.19547872
A47: =EDATE(A46,1) -> 44835 | B47: =VLOOKUP(A47,'Price Data'!$A$2:$F$150,6,FALSE()) -> 297.59 | C47: =VLOOKUP(A47,'Price Data'!$X$2:$AC$150,6,FALSE()) -> 0.9955 | D47: =B47*C47 -> 296.25085 | E47: =SUMIFS('Price Data'!$Q$2:$Q$150,'Price Data'!$L$2:$L$150,A47) -> 13.45 | F47: =(D47-D46)/D46 -> -0.024552672 | G47: =(E47-E46)/E46 -> 0.11157025
A48: =EDATE(A47,1) -> 44866 | B48: =VLOOKUP(A48,'Price Data'!$A$2:$F$150,6,FALSE()) -> 331.92 | C48: =VLOOKUP(A48,'Price Data'!$X$2:$AC$150,6,FALSE()) -> 1.0324 | D48: =B48*C48 -> 342.67421 | E48: =SUMIFS('Price Data'!$Q$2:$Q$150,'Price Data'!$L$2:$L$150,A48) -> 16.87 | F48: =(D48-D47)/D47 -> 0.15670289 | G48: =(E48-E47)/E47 -> 0.25427509
A49: =EDATE(A48,1) -> 44896 | B49: =VLOOKUP(A49,'Price Data'!$A$2:$F$150,6,FALSE()) -> 312.09 | C49: =VLOOKUP(A49,'Price Data'!$X$2:$AC$150,6,FALSE()) -> 1.0728 | D49: =B49*C49 -> 334.81015 | E49: =SUMIFS('Price Data'!$Q$2:$Q$150,'Price Data'!$L$2:$L$150,A49) -> 14.57 | F49: =(D49-D48)/D48 -> -0.022949075 | G49: =(E49-E48)/E48 -> -0.13633669
A50: =EDATE(A49,1) -> 44927 | B50: =VLOOKUP(A50,'Price Data'!$A$2:$F$150,6,FALSE()) -> 353.67 | C50: =VLOOKUP(A50,'Price Data'!$X$2:$AC$150,6,FALSE()) -> 1.0851 | D50: =B50*C50 -> 383.76732 | E50: =SUMIFS('Price Data'!$Q$2:$Q$150,'Price Data'!$L$2:$L$150,A50) -> 19.47 | F50: =(D50-D49)/D49 -> 0.14622366 | G50: =(E50-E49)/E49 -> 0.33630748
A51: =EDATE(A50,1) -> 44958 | B51: =VLOOKUP(A51,'Price Data'!$A$2:$F$150,6,FALSE()) -> 350.91 | C51: =VLOOKUP(A51,'Price Data'!$X$2:$AC$150,6,FALSE()) -> 1.0611 | D51: =B51*C51 -> 372.3506 | E51: =SUMIFS('Price Data'!$Q$2:$Q$150,'Price Data'!$L$2:$L$150,A51) -> 23.14 | F51: =(D51-D50)/D50 -> -0.029749058 | G51: =(E51-E50)/E50 -> 0.18849512
... A93: =EDATE(A92,1) -> 46235 | B93: =VLOOKUP(A93,'Price Data'!$A$2:$F$150,6,FALSE()) -> 384.7 | C93: =VLOOKUP(A93,'Price Data'!$X$2:$AC$150,6,FALSE()) -> 1.1589 | D93: =B93*C93 -> 445.82883 | E93: =SUMIFS('Price Data'!$Q$2:$Q$150,'Price Data'!$L$2:$L$150,A93) -> 220.53 | F93: =(D93-D92)/D92 -> -0.00020709938 | G93: =(E93-E92)/E92 -> 0.0997357
